{
  "hash": "ec4138b6",
  "configHash": "f51e5617",
  "lockfileHash": "2fc6d191",
  "browserHash": "8b5858e4",
  "optimized": {
    "@angular/common": {
      "src": "../../../../../node_modules/@angular/common/fesm2022/common.mjs",
      "file": "@angular_common.js",
      "fileHash": "b9e1776a",
      "needsInterop": false
    },
    "@angular/common/http": {
      "src": "../../../../../node_modules/@angular/common/fesm2022/http.mjs",
      "file": "@angular_common_http.js",
      "fileHash": "2820c765",
      "needsInterop": false
    },
    "@angular/core": {
      "src": "../../../../../node_modules/@angular/core/fesm2022/core.mjs",
      "file": "@angular_core.js",
      "fileHash": "dbe55fc5",
      "needsInterop": false
    },
    "@angular/forms": {
      "src": "../../../../../node_modules/@angular/forms/fesm2022/forms.mjs",
      "file": "@angular_forms.js",
      "fileHash": "48a60033",
      "needsInterop": false
    },
    "@angular/platform-browser": {
      "src": "../../../../../node_modules/@angular/platform-browser/fesm2022/platform-browser.mjs",
      "file": "@angular_platform-browser.js",
      "fileHash": "d5bbdf3a",
      "needsInterop": false
    },
    "@angular/router": {
      "src": "../../../../../node_modules/@angular/router/fesm2022/router.mjs",
      "file": "@angular_router.js",
      "fileHash": "543937f4",
      "needsInterop": false
    },
    "rxjs": {
      "src": "../../../../../node_modules/rxjs/dist/esm5/index.js",
      "file": "rxjs.js",
      "fileHash": "d9d1e298",
      "needsInterop": false
    }
  },
  "chunks": {
    "chunk-YMMCUNHX": {
      "file": "chunk-YMMCUNHX.js"
    },
    "chunk-YJ35XV4A": {
      "file": "chunk-YJ35XV4A.js"
    },
    "chunk-ZSB5FPDL": {
      "file": "chunk-ZSB5FPDL.js"
    },
    "chunk-OI6EX5JM": {
      "file": "chunk-OI6EX5JM.js"
    },
    "chunk-SXIXOCJ4": {
      "file": "chunk-SXIXOCJ4.js"
    }
  }
}